PERSON54	male
PERSON26	male
PERSON32	male
PERSON48	female
PERSON55	male
PERSON38	male
PERSON11	male
PERSON50	male
PERSON35	female
PERSON44	female
PERSON52	male
PERSON33	female
PERSON18	male
PERSON53	male
PERSON19	male
PERSON30	male
PERSON13	female
PERSON51	female
PERSON14	male
PERSON8	male
PERSON3	female
PERSON22	male
PERSON31	male
PERSON46	male
PERSON34	male
PERSON47	male
PERSON43	female
PERSON2	male
PERSON41	male
PERSON9	male
PERSON17	male
PERSON20	male
PERSON40	male
PERSON4	male
PERSON7	male
PERSON45	female
PERSON39	male
PERSON6	unknown
PERSON1	male
PERSON29	male
PERSON37	male
PERSON12	female
PERSON56	female
PERSON23	male
PERSON36	male
PERSON16	male
PERSON27	male
PERSON25	male
PERSON21	male
PERSON10	male
PERSON15	male
PERSON5	unknown
PERSON42	female
PERSON49	male
PERSON28	male
PERSON24	female
