PERSON15	female
PERSON36	female
PERSON11	male
PERSON28	male
PERSON34	male
PERSON29	male
PERSON3	male
PERSON40	male
PERSON35	female
PERSON32	male
PERSON42	female
PERSON18	male
PERSON26	male
PERSON21	male
PERSON8	male
PERSON5	male
PERSON9	male
PERSON7	male
PERSON30	male
PERSON6	female
PERSON38	male
PERSON33	male
PERSON16	male
PERSON17	male
PERSON31	male
PERSON37	male
PERSON10	male
PERSON13	female
PERSON27	female
PERSON20	male
PERSON1	male
PERSON24	male
PERSON25	female
PERSON12	male
PERSON4	male
PERSON14	female
PERSON39	male
PERSON2	male
PERSON22	female
PERSON19	male
PERSON23	male
PERSON41	male
