PERSON41	female
PERSON33	male
PERSON2	male
PERSON46	male
PERSON39	male
PERSON45	female
PERSON12	male
PERSON32	male
PERSON42	male
PERSON5	unknown
PERSON34	male
PERSON6	male
PERSON9	male
PERSON37	female
PERSON20	female
PERSON29	female
PERSON40	male
PERSON1	male
PERSON24	male
PERSON17	male
PERSON16	female
PERSON26	male
PERSON8	male
PERSON3	male
PERSON27	male
PERSON31	male
PERSON25	male
PERSON10	male
PERSON4	female
PERSON44	female
PERSON35	unknown
PERSON14	female
PERSON15	male
PERSON47	male
PERSON28	male
PERSON7	male
PERSON43	female
PERSON23	male
PERSON30	female
PERSON19	male
PERSON38	male
PERSON36	unknown
PERSON11	male
PERSON18	male
PERSON22	male
PERSON13	female
PERSON21	male
